Ano;Número;Modalidade;Objeto;Estimado;Homologado;Edital;Acompanhar
2022;00008;Dispensa;Aquisição de 10 (dez) subscrições da solução de videoconferência ZOOM meeting Profissional, para, no mínimo, 300 (trezentos) participantes, para atendimento das necessidades do TRIBUNAL REGIONAL ELEITORAL DE RORAIMA – TRE-RR em conformidade com as especificações contidas no Termo de Referência 65/2022 (0695569) e na proposta 0695567.;R$ 14.400,00;R$ 14.400,00;https://pncp.gov.br/app/editais/00509018000113/2022/000104;"https://cnetmobile.estaleiro.serpro.gov.br/comprasnet-web/public/landing?destino=acompanhamento-compra&amp;compra=07002806000082022"
2022;00009;Dispensa;Publicação de avisos de licitação e afins, assim como outros atos de interesse do Tribunal Regional Eleitoral de Roraima – TRE/RR, em jornal diário de grande circulação no Estado de Roraima, no caderno destinado a esse fim e em dias úteis, à medida que se mostre necessário tornar público tais expedientes.;R$ 7.200,00;R$ 7.200,00;https://pncp.gov.br/app/editais/00509018000113/2022/000106;"https://cnetmobile.estaleiro.serpro.gov.br/comprasnet-web/public/landing?destino=acompanhamento-compra&amp;compra=07002806000092022"
2023;00001;Dispensa;Contratação de empresa especializada na prestação de serviços de manutenção e recarga de extintores, a fim de atender às necessidades de segurança na prevenção e combate a incêndio no âmbito do Tribunal Regional Eleitoral de Roraima e Cartórios Eleitorais.;R$ 9.262,50;NA;https://pncp.gov.br/app/editais/00509018000113/2023/000124;https://www.comprasnet.gov.br/acesso.asp?url=/proposta-070028-06-00001-2023
2023;00002;Dispensa;Contratação de serviço de  filmagem, edição e gravação de vídeo e áudio das audiências de inquirição de testemunhas, com transcrição.;R$ 56.000,00;R$ 56.000,00;https://pncp.gov.br/app/editais/00509018000113/2023/000166;"https://cnetmobile.estaleiro.serpro.gov.br/comprasnet-web/public/landing?destino=acompanhamento-compra&amp;compra=07002806000022023"
2023;00005;Inexigibilidade;Contratação de prestação de serviço educacional, presencial, para atuação em co-docência no Curso de Formação de Formadores, Nível 1, Módulo 1;R$ 18.000,00;R$ 18.000,00;https://pncp.gov.br/app/editais/00509018000113/2023/000277;"https://cnetmobile.estaleiro.serpro.gov.br/comprasnet-web/public/landing?destino=acompanhamento-compra&amp;compra=07002807000052023"
2023;00006;Inexigibilidade;Capacitação para disseminar a cultura da inovação, incentivando pesquisas, estudos e ações. Ademais, atende os ditames da Resolução CNJ n. 395/2021, bem como o requisito previsto na Portaria  CNJ 170, que determina a realização de capacitação de laboratoristas no Tribunal.;R$ 40.000,00;R$ 40.000,00;https://pncp.gov.br/app/editais/00509018000113/2023/000278;"https://cnetmobile.estaleiro.serpro.gov.br/comprasnet-web/public/landing?destino=acompanhamento-compra&amp;compra=07002807000062023"
2023;00007;Inexigibilidade;Curso, presencial, teórico e prático de compras públicas eletrônicas.;R$ 50.000,00;R$ 50.000,00;https://pncp.gov.br/app/editais/00509018000113/2023/000307;"https://cnetmobile.estaleiro.serpro.gov.br/comprasnet-web/public/landing?destino=acompanhamento-compra&amp;compra=07002807000072023"
2023;00008;Dispensa;Prestação dos serviços de manutenção e recarga de extintores.;R$ 10.130,00;R$ 10.130,00;https://pncp.gov.br/app/editais/00509018000113/2023/000310;"https://cnetmobile.estaleiro.serpro.gov.br/comprasnet-web/public/landing?destino=acompanhamento-compra&amp;compra=07002806000082023"
2023;00009;Dispensa;O objeto do presente instrumento é a Contratação de empresa, em regime de empreitada por preço unitário, para a prestação de serviço de publicação de avisos de licitação e afins, assim como outros atos de interesse do Tribunal Regional Eleitoral de Roraima – TRE/RR, em jornal diário de grande circulação no Estado de Roraima, no caderno destinado a esse fim e em dias úteis, à medida que se mostre necessário tornar público tais expedientes.;R$ 7.200,00;R$ 7.200,00;https://pncp.gov.br/app/editais/00509018000113/2023/000804;"https://cnetmobile.estaleiro.serpro.gov.br/comprasnet-web/public/landing?destino=acompanhamento-compra&amp;compra=07002806000092023"
2023;00009;Inexigibilidade;Contratação de empresa para ministrar curso em análise de prestação de contas de campanha eleitoral.;R$ 11.396,00;R$ 11.396,00;https://pncp.gov.br/app/editais/00509018000113/2023/000358;"https://cnetmobile.estaleiro.serpro.gov.br/comprasnet-web/public/landing?destino=acompanhamento-compra&amp;compra=07002807000092023"
2023;00010;Dispensa;Contratação de empresa especializada em telecomunicações de telefonia móvel pessoal (SMP), com minutos ilimitados para qualquer operadora móvel ou fixo, local, com internet móvel mínima de 5GB e com os respectivos SIMCARDS, em regime pós pago.;R$ 12.600,00;R$ 12.600,00;https://pncp.gov.br/app/editais/00509018000113/2023/000376;"https://cnetmobile.estaleiro.serpro.gov.br/comprasnet-web/public/landing?destino=acompanhamento-compra&amp;compra=07002806000102023"
2023;00011;Inexigibilidade;Contratação de curso, presencial, teórico e prático de Gestão por Processos, conforme condições e exigências estabelecidas no Termo de Referência 41 (0786902).;R$ 35.400,00;R$ 35.400,00;https://pncp.gov.br/app/editais/00509018000113/2023/000406;"https://cnetmobile.estaleiro.serpro.gov.br/comprasnet-web/public/landing?destino=acompanhamento-compra&amp;compra=07002807000112023"
2023;00011;Pregão - Eletrônico;A presente licitação tem como objeto a contratação de serviços de Vigilância Ostensiva armada e Monitoramento de Vídeo 24 horas por dia para a Sede do Tribunal Regional Eleitoral de Roraima e Cartórios Eleitorais, a serem executados com regime de dedicação exclusiva de mão de obra, conforme condições, quantidades e exigências estabelecidas no Edital e seus anexos.;R$ 3.308.178,36;R$ 2.845.030,86;https://pncp.gov.br/app/editais/00509018000113/2023/000191;"https://cnetmobile.estaleiro.serpro.gov.br/comprasnet-web/public/landing?destino=acompanhamento-compra&amp;compra=07002805000112023"
2023;00012;Inexigibilidade;Prestação de assistência à saúde aos magistrados ativos e inativos, servidores efetivos ativos e inativos, pensionistas, aos ocupantes de cargo comissionado, aos servidores cedidos ou requisitados do Patrocinador TRE/RR, bem como aos seus dependentes e respectivos grupos familiares definidos nos termos deste CONVÊNIO.;R$ 3.975.258,12;R$ 3.975.258,12;https://pncp.gov.br/app/editais/00509018000113/2023/000407;"https://cnetmobile.estaleiro.serpro.gov.br/comprasnet-web/public/landing?destino=acompanhamento-compra&amp;compra=07002807000122023"
2023;00012;Pregão - Eletrônico;O objeto da presente licitação é o registro de preços para eventual contração de serviços de  Agenciamento de Viagens, compreendendo os serviços de emissão, remarcação e cancelamento de passagens aéreas nacionais e internacionais e de emissão de seguro de assistência em viagem internacional, conforme condições, quantidades e exigências estabelecidas neste Edital e seus anexos.;R$ 7.117.140,50;NA;https://pncp.gov.br/app/editais/00509018000113/2023/000622;"https://cnetmobile.estaleiro.serpro.gov.br/comprasnet-web/public/landing?destino=acompanhamento-compra&amp;compra=07002805000122023"
2023;00013;Inexigibilidade;Compartilhamento de infraestrutura e de equipamentos de tecnologia da informação, tal como previsto na Resolução/CNJ n.º 350/2020, para efetivar a atuação dos acordantes na criação de mecanismos contemporâneos, desburocratizados e ágeis para a prática de atos processuais e de acesso à informação, permitindo-se a obtenção de resultados mais eficientes.;R$ 0,01;R$ 0,01;https://pncp.gov.br/app/editais/00509018000113/2023/000575;"https://cnetmobile.estaleiro.serpro.gov.br/comprasnet-web/public/landing?destino=acompanhamento-compra&amp;compra=07002807000132023"
2023;00013;Pregão - Eletrônico;A presente licitação tem como objeto a contratação de empresa especializada para prestação de serviços terceirizados de MOTORISTA, mediante cessão de mão de obra com dedicação exclusiva, conforme especificações e qualidades estabelecidas no Termo de Referência.;R$ 2.412.130,73;R$ 2.010.999,69;https://pncp.gov.br/app/editais/00509018000113/2023/000659;"https://cnetmobile.estaleiro.serpro.gov.br/comprasnet-web/public/landing?destino=acompanhamento-compra&amp;compra=07002805000132023"
2023;00014;Inexigibilidade;O objeto deste instrumento consiste na contratação de empresa para capacitação de servidores, no curso de Administração de Banco de Dados (POSTGRESQL com alta disponibilidade), em conformidade com as condições e especificações estabelecida no Termo de Referência.;R$ 5.120,00;R$ 5.120,00;https://pncp.gov.br/app/editais/00509018000113/2023/000626;"https://cnetmobile.estaleiro.serpro.gov.br/comprasnet-web/public/landing?destino=acompanhamento-compra&amp;compra=07002807000142023"
2023;00014;Pregão - Eletrônico;A presente licitação tem como objeto a contratação de serviços de Eletricista, a serem executados de forma contínua, com regime de dedicação exclusiva de mão de obra, conforme especificações e qualidades estabelecidas no Termo de Referência.;R$ 396.338,96;NA;https://pncp.gov.br/app/editais/00509018000113/2023/000680;"https://cnetmobile.estaleiro.serpro.gov.br/comprasnet-web/public/landing?destino=acompanhamento-compra&amp;compra=07002805000142023"
2023;00015;Inexigibilidade;O objeto deste instrumento consiste na contratação de prestação de serviço educacional, online, síncrono e assíncrono para a ministração do Curso de Formação de Formadores, Nível 1, Módulo 2, incluindo contratação direta, com base na Lei 14.133/2021, conforme condições e exigências estabelecidas neste instrumento.;R$ 24.000,00;R$ 24.000,00;https://pncp.gov.br/app/editais/00509018000113/2023/000667;"https://cnetmobile.estaleiro.serpro.gov.br/comprasnet-web/public/landing?destino=acompanhamento-compra&amp;compra=07002807000152023"
2023;00015;Pregão - Eletrônico;"Aquisição de computadores Mini Desktop com monitor de vídeo 23"" e computadores MAC Mini, conforme quantitativos e condições estabelecidas no Termo de Referência.";R$ 15.195.005,85;R$ 14.281.635,00;https://pncp.gov.br/app/editais/00509018000113/2023/000772;"https://cnetmobile.estaleiro.serpro.gov.br/comprasnet-web/public/landing?destino=acompanhamento-compra&amp;compra=07002805000152023"
2023;00016;Inexigibilidade;Compartilhamento de infraestrutura, equipamentos de tecnologia da informação e comunicação pertencentes ao TRE/RR em favor da PR/RR, AGU/RR, DPU/RR e OAB/RR, como medida de promoção à cooperação judiciária prevista na Resolução/CNJ n.º 350/2020, para concretizar a atuação mútua dos acordantes na utilização de mecanismos contemporâneos, desburocratizados e ágeis para a prática de atos conjuntos e voltados à obtenção de resultados mais eficientes.;R$ 0,01;R$ 0,01;https://pncp.gov.br/app/editais/00509018000113/2023/000671;"https://cnetmobile.estaleiro.serpro.gov.br/comprasnet-web/public/landing?destino=acompanhamento-compra&amp;compra=07002807000162023"
2023;00016;Pregão - Eletrônico;Registro de Preços para futura e eventual aquisição de material de consumo de gêneros alimentícios (café, açúcar, chá e adoçante), com a finalidade de atender demandas da Sede do Tribunal Regional Eleitoral de Roraima e Cartórios Eleitorais.;R$ 75.826,60;R$ 63.018,00;https://pncp.gov.br/app/editais/00509018000113/2023/000802;"https://cnetmobile.estaleiro.serpro.gov.br/comprasnet-web/public/landing?destino=acompanhamento-compra&amp;compra=07002805000162023"
2023;00017;Inexigibilidade;Compartilhamento de infraestrutura, equipamentos de tecnologia da informação e comunicação pertencentes ao TRE/RR em favor da PR/RR, AGU/RR, DPU/RR e OAB/RR, como medida de promoção à cooperação judiciária prevista na Resolução/CNJ n.º 350/2020, para concretizar a atuação mútua dos acordantes na utilização de mecanismos contemporâneos, desburocratizados e ágeis para a prática de atos conjuntos e voltados à obtenção de resultados mais eficientes.;R$ 0,01;R$ 0,01;https://pncp.gov.br/app/editais/00509018000113/2023/000672;"https://cnetmobile.estaleiro.serpro.gov.br/comprasnet-web/public/landing?destino=acompanhamento-compra&amp;compra=07002807000172023"
2023;00017;Pregão - Eletrônico;Contratação de empresa para a prestação de serviços de locação de veículos automotor, tipo Pick-UP cabine dupla, tração 4x4 com quilometragem livre, para resolver a demanda de transporte de pessoas em serviços, materiais e equipamentos necessários as atividades operacionais do Tribunal Regional Eleitoral de Roraima em deslocamentos dentro do Estado de Roraima.;R$ 1.901.255,40;NA;https://pncp.gov.br/app/editais/00509018000113/2023/000801;"https://cnetmobile.estaleiro.serpro.gov.br/comprasnet-web/public/landing?destino=acompanhamento-compra&amp;compra=07002805000172023"
2023;00018;Inexigibilidade;Ampliar o espaço de investigação científica, o intercâmbio de ações e de projetos entre os professores- pesquisadores e os alunos-profissionais, vinculados ao mestrado em Prestação Jurisdicional e Direitos Humanos e, destes com pesquisadores de universidades brasileiras e internacionais.;R$ 200.000,00;R$ 200.000,00;https://pncp.gov.br/app/editais/00509018000113/2023/000703;"https://cnetmobile.estaleiro.serpro.gov.br/comprasnet-web/public/landing?destino=acompanhamento-compra&amp;compra=07002807000182023"
2023;00018;Pregão - Eletrônico;O objeto da presente licitação é o registro de preço para eventual Contratação de empresa para fornecimento e instalação de  solução de infraestrutura de rede sem fio com tecnologia versão 6 (Wi-Fi 6), conforme condições, quantidades e exigências estabelecidas no termo de referência.;R$ 308.420,00;R$ 392.420,00;https://pncp.gov.br/app/editais/00509018000113/2023/000839;"https://cnetmobile.estaleiro.serpro.gov.br/comprasnet-web/public/landing?destino=acompanhamento-compra&amp;compra=07002805000182023"
2023;00019;Inexigibilidade;Compartilhamento de infraestrutura, equipamentos de tecnologia da informação e comunicação pertencentes ao TRE/RR em favor da PR/RR, AGU/RR, DPU/RR e OAB/RR, como medida de promoção à cooperação judiciária prevista na Resolução/CNJ n.º 350/2020, para concretizar a atuação mútua dos acordantes na utilização de mecanismos contemporâneos, desburocratizados e ágeis para a prática de atos conjuntos e voltados à obtenção de resultados mais eficientes.;R$ 0,01;R$ 0,01;https://pncp.gov.br/app/editais/00509018000113/2023/000728;"https://cnetmobile.estaleiro.serpro.gov.br/comprasnet-web/public/landing?destino=acompanhamento-compra&amp;compra=07002807000192023"
2023;00019;Pregão - Eletrônico;O objeto da presente licitação é a contratação, para serviço continuado, de empresa especializada em infraestrutura de rede com manutenção corretiva, instalações, desinstalações, remanejamentos de pontos de lógica, de acordo com as necessidades identificadas e em conformidade com características dos equipamentos da rede local e seus respectivos padrões, quantidades e exigências estabelecidas no Edital e seus anexos. ;R$ 166.701,18;R$ 161.816,00;https://pncp.gov.br/app/editais/00509018000113/2023/000913;"https://cnetmobile.estaleiro.serpro.gov.br/comprasnet-web/public/landing?destino=acompanhamento-compra&amp;compra=07002805000192023"
2023;00020;Inexigibilidade;Compartilhamento e utilização da lista de instituições públicas e privadas credenciadas junto à  Vara de Penas e Medidas Alternativas - VEPEMA, para receberem beneficiários de penas restritivas de direitos para cumprimento de prestação de serviços à comunidade, de prestações pecuniárias e de outras modalidades legalmente previstas, em processos de competência do TRE-RR.;R$ 0,01;R$ 0,01;https://pncp.gov.br/app/editais/00509018000113/2023/000774;"https://cnetmobile.estaleiro.serpro.gov.br/comprasnet-web/public/landing?destino=acompanhamento-compra&amp;compra=07002807000202023"
2023;00020;Pregão - Eletrônico;O objeto da presente licitação é o registro de preços para eventual contração de serviços de  Agenciamento de Viagens, compreendendo os serviços de emissão, remarcação e cancelamento de passagens aéreas nacionais e internacionais e de emissão de seguro de assistência em viagem internacional, conforme condições, quantidades e exigências estabelecidas no Edital e seus anexos. ;R$ 7.117.140,50;R$ 4.920.600,00;https://pncp.gov.br/app/editais/00509018000113/2023/000904;"https://cnetmobile.estaleiro.serpro.gov.br/comprasnet-web/public/landing?destino=acompanhamento-compra&amp;compra=07002805000202023"
2023;00021;Dispensa;Aquisição de Certificado digital do tipo A1 e-CNPJ para o atendimento nas prestação de informações ao Governo Federal no E-Social na Justiça Eleitoral.;R$ 199,00;R$ 199,00;https://pncp.gov.br/app/editais/00509018000113/2023/000841;"https://cnetmobile.estaleiro.serpro.gov.br/comprasnet-web/public/landing?destino=acompanhamento-compra&amp;compra=07002806000212023"
2023;00021;Pregão - Eletrônico;O objeto da presente licitação é a contratação de empresa especializada para prestação do serviço, visando alavancar um projeto piloto para implementação de forma inicial de uma contratação de plataforma de serviços em nuvem buscando a melhoria da expertise da equipes de infraestrutura para lidar com as inovações tecnológicas apresentadas pelo cenário mundial, conforme quantidades e exigências estabelecidas no Edital e seus anexos. ;R$ 111.206,43;R$ 105.400,00;https://pncp.gov.br/app/editais/00509018000113/2023/000888;"https://cnetmobile.estaleiro.serpro.gov.br/comprasnet-web/public/landing?destino=acompanhamento-compra&amp;compra=07002805000212023"
2023;00022;Dispensa;O objeto deste instrumento consiste na aquisição de Motor Diesel Estacionário, em conformidade com as condições e especificações estabelecida no Termo de Referência.;R$ 42.600,00;R$ 42.600,00;https://pncp.gov.br/app/editais/00509018000113/2023/000925;"https://cnetmobile.estaleiro.serpro.gov.br/comprasnet-web/public/landing?destino=acompanhamento-compra&amp;compra=07002806000222023"
2023;00022;Pregão - Eletrônico;O objeto da presente licitação é contratação de Agente de Integração de Estágio, pessoa jurídica especializada na prestação de serviços de recrutamento, seleção e acompanhamento de estudantes para atuarem como estagiários no âmbito do Tribunal Regional Eleitoral de Roraima, com atuação na Sede do TRE-RR e nos Cartórios Eleitorais, conforme exigências estabelecidas no Edital e seus anexos. ;R$ 157.104,00;R$ 45.600,00;https://pncp.gov.br/app/editais/00509018000113/2023/000905;"https://cnetmobile.estaleiro.serpro.gov.br/comprasnet-web/public/landing?destino=acompanhamento-compra&amp;compra=07002805000222023"
2023;00023;Inexigibilidade;O objeto deste instrumento consiste na contratação de empresa para capacitar servidores que trabalham na área de contratações da instituição, execução financeira e orçamentária, fiscalização de contratos, administrativas e de gestão, na nova versão do Compras Contratos – Gestão de Contratos, com base na Lei 14.133/202, em conformidade com as condições e especificações estabelecida no Termo de Referência.;R$ 15.000,00;R$ 15.000,00;https://pncp.gov.br/app/editais/00509018000113/2023/000926;"https://cnetmobile.estaleiro.serpro.gov.br/comprasnet-web/public/landing?destino=acompanhamento-compra&amp;compra=07002807000232023"
2023;00023;Pregão - Eletrônico;A presente licitação tem como objeto a contratação de serviços de Eletricista, a serem executados de forma contínua, com regime de dedicação exclusiva de mão de obra, conforme especificações e qualidades estabelecidas no edital e no Termo de Referência.;R$ 391.171,59;R$ 352.000,00;https://pncp.gov.br/app/editais/00509018000113/2023/000935;"https://cnetmobile.estaleiro.serpro.gov.br/comprasnet-web/public/landing?destino=acompanhamento-compra&amp;compra=07002805000232023"
2023;00024;Inexigibilidade;"O objeto deste instrumento consiste na contratação de curso, presencial intitulado ""eSocial para Órgãos Públicos: Implantação passo a passo, com ênfase na implantação da 4 ª fase – Eventos SST"", com base na Lei 14.133/2021"", em conformidade com as condições e especificações estabelecida no Termo de Referência.";R$ 1.880,00;R$ 1.880,00;https://pncp.gov.br/app/editais/00509018000113/2023/000940;"https://cnetmobile.estaleiro.serpro.gov.br/comprasnet-web/public/landing?destino=acompanhamento-compra&amp;compra=07002807000242023"
2023;00025;Inexigibilidade;O objeto do presente instrumento é a contratação de curso on-line, teórico e prático de Gestão por Processos, que ocorrerá por meio do acompanhamento da modelagem dos processos cartorários e administrativos do TRE-RR, nas condições estabelecidas no Termo de Referência.;R$ 159.080,00;R$ 159.080,00;https://pncp.gov.br/app/editais/00509018000113/2023/000972;"https://cnetmobile.estaleiro.serpro.gov.br/comprasnet-web/public/landing?destino=acompanhamento-compra&amp;compra=07002807000252023"
2023;00025;Pregão - Eletrônico;O objeto da presente licitação é a contratação de serviços de manutenção preventiva e corretiva anual e permanente, com fornecimento de materiais e peças de reposição para as centrais de ar condicionado e bebedouros industriais existentes nos prédios da Justiça Eleitoral no Estado de Roraima, conforme condições e exigências estabelecidas no edital e no termo de referência.;R$ 1.055.799,55;R$ 555.000,00;https://pncp.gov.br/app/editais/00509018000113/2023/001075;"https://cnetmobile.estaleiro.serpro.gov.br/comprasnet-web/public/landing?destino=acompanhamento-compra&amp;compra=07002805000252023"
2023;00026;Inexigibilidade;Conjugação de esforços entre os partícipes com vista à implementação do programa Postos de Atendimento da Justiça Eleitoral - PAJE, com objetivo de atender aos(às) eleitores(as) na garantia do exercício da cidadania, mediante a emissão e regularização de títulos eleitorais.     ;R$ 0,01;R$ 0,01;https://pncp.gov.br/app/editais/00509018000113/2023/001008;"https://cnetmobile.estaleiro.serpro.gov.br/comprasnet-web/public/landing?destino=acompanhamento-compra&amp;compra=07002807000262023"
2023;00026;Pregão - Eletrônico;O objeto da presente licitação é o Registro de Preços para eventual contratação de empresa para a prestação de serviços de locação de veículos automotor, tipo Pick-UP, categoria média, cabine dupla, tração 4x4 com quilometragem livre, para resolver a demanda de transporte de pessoas em serviços, materiais e equipamentos necessários as atividades operacionais do Tribunal Regional Eleitoral de Roraima em deslocamentos dentro do Estado de Roraima.;R$ 1.901.255,40;R$ 1.152.900,00;https://pncp.gov.br/app/editais/00509018000113/2023/001197;"https://cnetmobile.estaleiro.serpro.gov.br/comprasnet-web/public/landing?destino=acompanhamento-compra&amp;compra=07002805000262023"
2023;00027;Inexigibilidade;Contratação de empresa para participação em evento presencial de segurança cibernética, Cyber Security Summit 2023, com base na Lei 14.133/2021, em conformidade com as condições e especificações estabelecida no Termo de Referência.;R$ 2.834,00;R$ 2.834,00;https://pncp.gov.br/app/editais/00509018000113/2023/001020;"https://cnetmobile.estaleiro.serpro.gov.br/comprasnet-web/public/landing?destino=acompanhamento-compra&amp;compra=07002807000272023"
2023;00027;Pregão - Eletrônico;Contratação de pessoa jurídica especializada na área de apoio administrativo e de atividades auxiliares para prestação de serviços continuados, compreendendo os postos de GARÇOM e RECEPCIONISTA, com disponibilização de mão de obra em regime de dedicação exclusiva, a serem executados nas dependências da Sede do Tribunal Regional Eleitoral de Roraima, conforme condições e exigências estabelecidas no edital e seus anexos.;R$ 500.782,48;R$ 391.327,97;https://pncp.gov.br/app/editais/00509018000113/2023/001237;"https://cnetmobile.estaleiro.serpro.gov.br/comprasnet-web/public/landing?destino=acompanhamento-compra&amp;compra=07002805000272023"
2023;00028;Inexigibilidade;O presente Termo de Cooperação tem por objeto a conjugação de esforços entre os partícipes com vista à implementação do programa Postos de Atendimento da Justiça Eleitoral - PAJE, com objetivo de atender aos(às) eleitores(as) na garantia do exercício da cidadania, mediante a emissão e regularização de títulos eleitorais.;R$ 0,10;R$ 0,10;https://pncp.gov.br/app/editais/00509018000113/2023/001046;"https://cnetmobile.estaleiro.serpro.gov.br/comprasnet-web/public/landing?destino=acompanhamento-compra&amp;compra=07002807000282023"
2023;00028;Pregão - Eletrônico;Aquisição de cadeiras ergonômicas, conforme condições e exigências estabelecidas no edital e anexo.;R$ 548.456,40;R$ 545.667,30;https://pncp.gov.br/app/editais/00509018000113/2023/001259;"https://cnetmobile.estaleiro.serpro.gov.br/comprasnet-web/public/landing?destino=acompanhamento-compra&amp;compra=07002805000282023"
2023;00029;Inexigibilidade;O objeto desta Inexigibilidade de Licitação visa a capacitação de servidores da Secretaria de Tecnologia da Informação no no curso de Orquestração de containers com Kubernetes EAD (ADS19), que tem o objetivo preparar o servidor para realizar o design e implementação de aplicações baseadas em container em um cluster Kubernetes, trabalhando desde os aspectos mais básicos aos mais avançados na operação do cluster via linha de comando (CLI), conforme o Termo de referência 0804973;R$ 5.250,00;R$ 5.250,00;https://pncp.gov.br/app/editais/00509018000113/2023/001086;"https://cnetmobile.estaleiro.serpro.gov.br/comprasnet-web/public/landing?destino=acompanhamento-compra&amp;compra=07002807000292023"
2023;00029;Pregão - Eletrônico;Aquisição de materiais/bens de consumo de TIC através de Sistema de Registro de Preços, conforme especificações e quantitativos estabelecidos no Edital e seus anexos.;R$ 318.436,50;R$ 146.335,00;https://pncp.gov.br/app/editais/00509018000113/2023/001356;"https://cnetmobile.estaleiro.serpro.gov.br/comprasnet-web/public/landing?destino=acompanhamento-compra&amp;compra=07002805000292023"
2023;00030;Inexigibilidade;Contratação de empresa para capacitação de servidores da Secretaria de Tecnologia da Informação no curso de Hardening em Linux (SEG10), que tem o objetivo auxiliar administradores Linux interessados em proteger suas redes, mitigar riscos e executar atividades corretivas preparando sua infraestrutura de servidores Linux para resistir a determinadas tentativas de ataques ou violação na segurança de informação.;R$ 9.600,00;R$ 9.600,00;https://pncp.gov.br/app/editais/00509018000113/2023/001120;"https://cnetmobile.estaleiro.serpro.gov.br/comprasnet-web/public/landing?destino=acompanhamento-compra&amp;compra=07002807000302023"
2023;00030;Pregão - Eletrônico;O objeto da presente licitação é a Contratação de empresa especializada para contratação de subscrição da solução de software de controle de acesso à rede CISCO ISE com instalação e migração da infraestrutura, conforme condições, quantidades e exigências estabelecidas neste Edital e seus anexos.;R$ 460.133,00;R$ 305.000,00;https://pncp.gov.br/app/editais/00509018000113/2023/001520;"https://cnetmobile.estaleiro.serpro.gov.br/comprasnet-web/public/landing?destino=acompanhamento-compra&amp;compra=07002805000302023"
2023;00031;Inexigibilidade;Curso Banco de Dados MySQL/MariaDB;R$ 2.385,00;R$ 2.385,00;https://pncp.gov.br/app/editais/00509018000113/2023/001243;"https://cnetmobile.estaleiro.serpro.gov.br/comprasnet-web/public/landing?destino=acompanhamento-compra&amp;compra=07002807000312023"
2023;00031;Pregão - Eletrônico;Aquisição de materiais/bens de consumo (elétricos, e hidráulicos) com a finalidade de atender o Tribunal Regional Eleitoral de Roraima, conforme especificações e quantidades indicadas no edital e seus anexos.;R$ 51.379,91;R$ 51.286,00;https://pncp.gov.br/app/editais/00509018000113/2023/001577;"https://cnetmobile.estaleiro.serpro.gov.br/comprasnet-web/public/landing?destino=acompanhamento-compra&amp;compra=07002805000312023"
2023;00032;Inexigibilidade;Curso telepresencial sobre Organização Administrativa e Financeira da Campanha e Contabilidade Eleitoral.;R$ 30.300,00;R$ 30.300,00;https://pncp.gov.br/app/editais/00509018000113/2023/001303;"https://cnetmobile.estaleiro.serpro.gov.br/comprasnet-web/public/landing?destino=acompanhamento-compra&amp;compra=07002807000322023"
2023;00032;Pregão - Eletrônico;Contratação de empresa especializada para prestação do serviço de suporte com repasse de conhecimento para o ambiente computacional de hiperconvergência.;R$ 318.440,76;R$ 313.500,00;https://pncp.gov.br/app/editais/00509018000113/2023/001593;"https://cnetmobile.estaleiro.serpro.gov.br/comprasnet-web/public/landing?destino=acompanhamento-compra&amp;compra=07002805000322023"
2023;00033;Inexigibilidade;Curso telepresencial sobre Financiamento de Campanha e Prestação de Contas.;R$ 31.080,00;R$ 31.080,00;https://pncp.gov.br/app/editais/00509018000113/2023/001334;"https://cnetmobile.estaleiro.serpro.gov.br/comprasnet-web/public/landing?destino=acompanhamento-compra&amp;compra=07002807000332023"
2023;00033;Pregão - Eletrônico;"O objeto da presente licitação contratação de empresa especializada para fornecimento de licença de uso perpétuo do software Bacula Backup Enterprise Server e plugins para compor o processo de cópias de segurança no datacenter do Tribunal Regional Eleitoral de Roraima, em substituição à versão ""Free"" (comunuty) hoje utilizada, conforme condições, quantidades e exigências estabelecidas neste Edital e seus anexos. ";R$ 631.889,60;R$ 631.800,00;https://pncp.gov.br/app/editais/00509018000113/2023/001656;"https://cnetmobile.estaleiro.serpro.gov.br/comprasnet-web/public/landing?destino=acompanhamento-compra&amp;compra=07002805000332023"
2023;00034;Inexigibilidade;Conjugação de esforços entre os partícipes com vista à implementação do programa Postos de Atendimento da Justiça Eleitoral - PAJE, com objetivo de atender aos(às) eleitores(as) na garantia do exercício da cidadania, mediante a emissão e regularização de títulos eleitorais.;R$ 0,01;R$ 0,01;https://pncp.gov.br/app/editais/00509018000113/2023/001367;"https://cnetmobile.estaleiro.serpro.gov.br/comprasnet-web/public/landing?destino=acompanhamento-compra&amp;compra=07002807000342023"
2023;00034;Pregão - Eletrônico;O objeto da presente licitação é a contratação de empresa especializada no ramo de engenharia para prestação dos serviços de revitalização dos prédios dos cartórios eleitorais do interior, conforme condições, quantidades e exigências estabelecidas neste Edital e seus anexos.;R$ 332.158,44;R$ 261.634,79;https://pncp.gov.br/app/editais/00509018000113/2023/001657;"https://cnetmobile.estaleiro.serpro.gov.br/comprasnet-web/public/landing?destino=acompanhamento-compra&amp;compra=07002805000342023"
2023;00035;Inexigibilidade;"Treinamento para a Plataforma de banco de dados da Oracle: ""Advanced Security e Data Masking"".";R$ 8.000,00;R$ 8.000,00;https://pncp.gov.br/app/editais/00509018000113/2023/001419;"https://cnetmobile.estaleiro.serpro.gov.br/comprasnet-web/public/landing?destino=acompanhamento-compra&amp;compra=07002807000352023"
2023;00035;Pregão - Eletrônico;O objeto da presente licitação é a Contratação de empresa especializada para fornecimento e instalação de solução de gestão de vulnerabilidades, visando a continuidade do processo de análise periódica das vulnerabilidades dos ativos de TI conectados à rede do TRE-RR, conforme condições, quantidades e exigências estabelecidas no Edital e seus anexos.;R$ 544.815,02;R$ 495.585,00;https://pncp.gov.br/app/editais/00509018000113/2023/001670;"https://cnetmobile.estaleiro.serpro.gov.br/comprasnet-web/public/landing?destino=acompanhamento-compra&amp;compra=07002805000352023"
2023;00036;Inexigibilidade;"O objeto deste instrumento consiste na contratação de empresa para capacitação de servidores deste Tribunal, por meio dos cursos ""Excel Essencial"", ""Excel Avançado"" e ""Power BI Desktop Essencial"", em conformidade com as condições e especificações estabelecida no Termo de Referência.";R$ 30.820,00;R$ 30.820,00;https://pncp.gov.br/app/editais/00509018000113/2023/001420;"https://cnetmobile.estaleiro.serpro.gov.br/comprasnet-web/public/landing?destino=acompanhamento-compra&amp;compra=07002807000362023"
2023;00036;Pregão - Eletrônico;Contratação de empresa para o fornecimento contínuo de combustíveis tipo Gasolina, Diesel comum e Diesel - S10 para o abastecimento dos Grupo Geradores e dos veículos existentes na frota do Tribunal Regional Eleitoral de Roraima.;R$ 2.690.800,00;R$ 2.650.438,00;https://pncp.gov.br/app/editais/00509018000113/2023/001835;"https://cnetmobile.estaleiro.serpro.gov.br/comprasnet-web/public/landing?destino=acompanhamento-compra&amp;compra=07002805000362023"
2023;00037;Inexigibilidade;Contratação de pessoa jurídica para prestação dos serviços de manutenção automotiva durante o período da garantia dos veículos adquiridos nos contratos 23/2021 (0655888) e 2/2022 (0667260).;R$ 34.574,40;R$ 34.574,40;https://pncp.gov.br/app/editais/00509018000113/2023/001435;"https://cnetmobile.estaleiro.serpro.gov.br/comprasnet-web/public/landing?destino=acompanhamento-compra&amp;compra=07002807000372023"
2023;00037;Pregão - Eletrônico;O objeto da presente licitação é o registro de preços para eventual aquisição de materiais/bens de consumo (hidráulicos), conforme condições, quantidades e exigências estabelecidas neste Edital e seus anexos. ;R$ 46.574,18;R$ 36.332,78;https://pncp.gov.br/app/editais/00509018000113/2023/001996;"https://cnetmobile.estaleiro.serpro.gov.br/comprasnet-web/public/landing?destino=acompanhamento-compra&amp;compra=07002805000372023"
2023;00038;Inexigibilidade;Cessão de uso de veículos automotores (ônibus).;R$ 0,02;R$ 0,02;https://pncp.gov.br/app/editais/00509018000113/2023/001528;"https://cnetmobile.estaleiro.serpro.gov.br/comprasnet-web/public/landing?destino=acompanhamento-compra&amp;compra=07002807000382023"
2023;00038;Pregão - Eletrônico;O objeto da presente licitação é a contratação de empresa especializada no ramo de engenharia para prestação dos serviços de revitalização do prédio sede do TRE-RR, conforme condições, quantidades e exigências estabelecidas neste Edital e seus anexos.;R$ 244.832,75;R$ 191.500,00;https://pncp.gov.br/app/editais/00509018000113/2023/002009;"https://cnetmobile.estaleiro.serpro.gov.br/comprasnet-web/public/landing?destino=acompanhamento-compra&amp;compra=07002805000382023"
2023;00039;Inexigibilidade;Curso telepresencial sobre Noções de Direito Eleitoral.;R$ 20.550,50;R$ 20.550,50;https://pncp.gov.br/app/editais/00509018000113/2023/001526;"https://cnetmobile.estaleiro.serpro.gov.br/comprasnet-web/public/landing?destino=acompanhamento-compra&amp;compra=07002807000392023"
2023;00040;Inexigibilidade;Conjugação de esforços entre os partícipes com vista à implementação do programa Postos de Atendimento da Justiça Eleitoral - PAJE, com objetivo de atender aos(às) eleitores(as) na garantia do exercício da cidadania, mediante a emissão e regularização de títulos eleitorais.;R$ 0,01;R$ 0,01;https://pncp.gov.br/app/editais/00509018000113/2023/001581;"https://cnetmobile.estaleiro.serpro.gov.br/comprasnet-web/public/landing?destino=acompanhamento-compra&amp;compra=07002807000402023"
2023;90006;Inexigibilidade;"O objeto do presente instrumento é a contratação de curso ""Tesouro Gerencial para iniciantes"", com base na Lei 14.133/2021, nas condições estabelecidas no Termo de Referência.";R$ 27.890,00;R$ 27.890,00;https://pncp.gov.br/app/editais/00509018000113/2023/001885;NA
2023;90007;Inexigibilidade;"Contratação refere-se à aquisição dos serviços da plataforma ""ALURA PARA EMPRESA"" para a capacitação e treinamento dos servidores da Secretaria da Tecnologia da Informação e Comunicação do TRE-RR.";R$ 13.200,00;R$ 13.200,00;https://pncp.gov.br/app/editais/00509018000113/2023/001884;NA
2023;90008;Inexigibilidade;O objeto do presente instrumento é a contratação de programa de reciclagem anual para a atividade de segurança, nas condições estabelecidas no Termo de Referência.;R$ 16.711,10;R$ 16.711,10;https://pncp.gov.br/app/editais/00509018000113/2023/001979;NA
2023;90009;Inexigibilidade;"O objeto do presente instrumento é a contratação dos serviços da plataforma ""ALURA PARA EMPRESA"" para a capacitação e treinamento dos servidores da Secretaria da Tecnologia da Informação e Comunicação do TRE-RR, nas condições estabelecidas no Termo de Referência.";R$ 13.200,00;R$ 13.200,00;https://pncp.gov.br/app/editais/00509018000113/2023/002027;NA
2023;90010;Inexigibilidade;O objeto do presente instrumento é a contratação do curso Imersão Prática na Lei 14.133/21: Construindo Regulamentos Eficientes para Licitações na prática, nas condições estabelecidas no Termo de Referência.;R$ 8.200,00;R$ 8.200,00;https://pncp.gov.br/app/editais/00509018000113/2023/002034;NA
2023;90011;Dispensa;Contratação de serviços de limpeza do terreno pertencente ao Tribunal Regional Eleitoral de Roraima – TRE/RR, localizado na Avenida Ville Roy, s/n, bairro Caçari, com fornecimento de mão de obra, ferramentas, materiais, equipamentos e insumos necessários à execução dos serviços, contendo área total interna de 6.528m², mais área de calçada e passeio com 1.502m², nos termos da tabela abaixo, conforme condições e exigências estabelecidas neste instrumento.;R$ 56.850,00;R$ 40.850,00;https://pncp.gov.br/app/editais/00509018000113/2023/002103;NA
2023;90012;Inexigibilidade;"A contratação contempla o pacote ""Pesquisa Jurídica Avançada"", o qual permite consulta, cópia e o download de jurisprudências, diários oficiais, modelos e peças, assim como a leitura de obras da Revista dos Tribunais, a busca de conteúdo dentro das obras e a cópia de referências com formatação ABNT.";R$ 11.575,44;R$ 11.575,44;https://pncp.gov.br/app/editais/00509018000113/2023/002104;NA
2023;90013;Inexigibilidade;Contratação de serviço continuado omni channel em nuvem para comunicação da Justiça Eleitoral de Roraima com redes sociais, aplicativos de mensagens diversos e WhatsApp Business conforme condições e especificações no Termo de Referência.;R$ 61.132,00;R$ 61.132,00;https://pncp.gov.br/app/editais/00509018000113/2023/002166;NA
2024;1;Inexigibilidade;ACORDO DE COOPERAÇÃO QUE ENTRE SI CELEBRAM O TRIBUNAL REGIONAL ELEITORAL DE RORAIMA E A UNIVERSIDADE ESTADUAL DE RORAIMA PARA A IMPLANTAÇÃO DO PROJETO MESÁRIO- UNIVERSITÁRIO PARA AS ELEIÇÕES 2024;R$ 0,00;R$ 0,00;https://pncp.gov.br/app/editais/00509018000113/2024/000271;NA
2024;10;Dispensa;O objeto do presente instrumento é a contratação de serviços de audiodescrição (AD), em manifestações públicas realizadas, promovidas ou apoiadas pelo Tribunal Regional Eleitoral de Roraima (Sede e Cartórios), nas modalidades: ao vivo não-presencial (gravado e reproduzido simultaneamente) ou gravado previamente, nas condições estabelecidas no Termo de Referência.;R$ 22.500,00;R$ 22.500,00;https://pncp.gov.br/app/editais/00509018000113/2024/000682;NA
2024;11;Dispensa;O objeto do presente instrumento é a contratação de serviços de audiodescrição (AD), em manifestações públicas realizadas, promovidas ou apoiadas pelo Tribunal Regional Eleitoral de Roraima (Sede e Cartórios), nas modalidades: ao vivo não-presencial (gravado e reproduzido simultaneamente) ou gravado previamente, nas condições estabelecidas no Termo de Referência.;R$ 22.500,00;R$ 22.500,00;https://pncp.gov.br/app/editais/00509018000113/2024/000863;NA
2024;12;Inexigibilidade;O objeto deste instrumento consiste na contratação de Curso de Atualização em Direito Eleitoral com ênfase nas Eleições 2024, em conformidade com as condições e especificações estabelecida no Termo de Referência.;R$ 10.000,00;R$ 10.000,00;https://pncp.gov.br/app/editais/00509018000113/2024/000700;NA
2024;13;Inexigibilidade;"O objeto deste instrumento consiste na contratação de curso presencial sobre ""Consultoria em Auditoria"", em conformidade com as condições e especificações estabelecida no Termo de Referência.";R$ 1.323,18;R$ 1.323,18;https://pncp.gov.br/app/editais/00509018000113/2024/001020;NA
2024;15;Dispensa;"O objeto deste instrumento consiste na contratação de empresa para fornecimento de materiais na categoria ""materiais elétricos"" com a finalidade de atender demandas nos locais de votação, instalados nos prédios públicos em todos os Municípios do Estado de Roraima, por ocasião das Eleições de 2024, em conformidade com as condições e especificações estabelecida no Termo de Referência.";R$ 299,70;R$ 299,70;https://pncp.gov.br/app/editais/00509018000113/2024/001368;NA
2024;17;Dispensa;Aquisição de materiais de consumo, especificamente gelo em escamas, para utilização durante o fechamento do cadastro eleitoral, em particular nos Cartórios Eleitorais da Capital do Estado, abrangendo a 1ª e 5ª Zonas Eleitorais.;R$ 1.368,00;R$ 1.368,00;https://pncp.gov.br/app/editais/00509018000113/2024/001106;NA
2024;19;Dispensa;"O objeto deste instrumento consiste na contratação de empresa para fornecimento de materiais na categoria ""materiais elétricos"" com a finalidade de atender demandas nos locais de votação, instalados nos prédios públicos em todos os Municípios do Estado de Roraima, por ocasião das Eleições de 2024, em conformidade com as condições e especificações estabelecida no Termo de Referência.";R$ 3.135,00;R$ 3.135,00;https://pncp.gov.br/app/editais/00509018000113/2024/001138;NA
2024;2;Inexigibilidade;"Contratação de curso telepresencial para uso da plataforma SINAPSES, compreendendo suas APIs e módulos, com intuito de adequar ao processo convencional de desenvolvimento de Inteligência Artificial para fomentar readequação de modelo para o ""JANUS""";R$ 97.554,82;R$ 97.554,82;https://pncp.gov.br/app/editais/00509018000113/2024/000279;NA
2024;20;Dispensa;"O objeto deste instrumento consiste na contratação de empresa para fornecimento de materiais na categoria ""materiais elétricos"" com a finalidade de atender demandas nos locais de votação, instalados nos prédios públicos em todos os Municípios do Estado de Roraima, por ocasião das Eleições de 2024, em conformidade com as condições e especificações estabelecida no Termo de Referência.";R$ 2.857,50;R$ 142,50;https://pncp.gov.br/app/editais/00509018000113/2024/001172;NA
2024;21;Dispensa;O objeto do presente instrumento é a contratação de empresa especializada na prestação dos serviços de manutenção e recarga de extintores de incêndio a fim de atender às necessidades de segurança na prevenção e combate a princípios de incêndio no âmbito do Tribunal Regional Eleitoral de Roraima e Cartórios Eleitorais, nas condições estabelecidas no Termo de Referência.;R$ 9.671,42;R$ 9.671,42;https://pncp.gov.br/app/editais/00509018000113/2024/001280;NA
2024;22;Inexigibilidade;O objeto deste instrumento consiste na contratação de curso telepresencial de Noções de Direito Eleitoral, em conformidade com as condições e especificações estabelecida no Termo de Referência.;R$ 6.438,00;R$ 6.438,00;https://pncp.gov.br/app/editais/00509018000113/2024/001243;NA
2024;23;Inexigibilidade;O objeto do presente instrumento é a contratação da Plataforma eletrônica Jusbrasil - Pacote Corporativo - Plano: Pesquisa Jurídica Avançada, com acesso para até 23 (vinte e três) usuários, através de login e senha individuais, que permite, através do acesso à plataforma Jusbrasil (jusbrasil.com.br), consulta, cópia e download de jurisprudências, diários oficiais, modelos e peças, assim como a leitura de obras da Revista dos Tribunais, a busca por conteúdo dentro das obras e a cópia de referênci;R$ 11.575,44;NA;https://pncp.gov.br/app/editais/00509018000113/2024/001311;NA
2024;24;Dispensa; O presente Acordo tem por objeto a cooperação técnica entre o TRE-AP e o TRE-RR para a elaboração de projetos conjuntos, envolvendo seus respectivos laboratórios de inovação, visando ao desenvolvimento de soluções inovadoras para o aprimoramento dos serviços eleitorais.;R$ 0,00;R$ 0,00;https://pncp.gov.br/app/editais/00509018000113/2024/001377;NA
2024;3;Dispensa;O objeto deste instrumento consiste na contratação de empresa para locação de banheiros químicos e cadeiras, em conformidade com as condições e especificações estabelecida no Termo de Referência.;R$ 26.220,00;R$ 26.220,00;https://pncp.gov.br/app/editais/00509018000113/2024/000316;NA
2024;4;Dispensa;O objeto deste instrumento consiste na contratação de empresa para locação de tendas de estrutura metálicas, em conformidade com as condições e especificações estabelecida no Termo de Referência.;R$ 22.500,00;R$ 22.500,00;https://pncp.gov.br/app/editais/00509018000113/2024/000338;NA
2024;5;Dispensa;O objeto do presente instrumento é contratação de empresa para fornecimento contínuo de gás liquefeito de petróleo (GLP), com a finalidade de atender demandas da Sede do Tribunal Regional Eleitoral de Roraima e Cartórios Eleitorais, nas condições estabelecidas no Termo de Referência.;R$ 36.858,00;R$ 36.858,00;https://pncp.gov.br/app/editais/00509018000113/2024/000392;NA
2024;6;Inexigibilidade;O objeto deste instrumento consiste na contratação curso telepresencial sobre Financiamento de Campanha de Mulheres e Pessoas Negras, em conformidade com as condições e especificações estabelecida no Termo de Referência.;R$ 9.672,35;R$ 9.672,35;https://pncp.gov.br/app/editais/00509018000113/2024/000410;NA
2024;8;Dispensa;O objeto é a contratação de empresa para fornecimento de material de consumo com a finalidade de atender as demandas da Secretaria do TRE e dos Cartórios Eleitorais, por ocasião das Eleições 2024, em conformidade com as condições e especificações estabelecida no Termo de Referência.;R$ 18.010,00;R$ 18.010,00;https://pncp.gov.br/app/editais/00509018000113/2024/000607;NA
2024;9;Dispensa;O objeto é a contratação de empresa para fornecimento de material de consumo com a finalidade de atender as demandas da Secretaria do TRE e dos Cartórios Eleitorais, por ocasião das Eleições 2024, em conformidade com as condições e especificações estabelecida no Termo de Referência.;R$ 3.624,50;R$ 3.624,50;https://pncp.gov.br/app/editais/00509018000113/2024/000624;NA
2024;90001;Pregão - Eletrônico;Prestação de serviço de locação de embarcação para atender demandas de deslocamentos referente ao Pleito Eleitoral de 2024 no transportes de servidores e equipamentos via fluvial da Sede do Município de Caracaraí/RR até ou passando pelas comunidades de Santa Maria de Boiaçu, Caicumbi, Sacaí, Terra Preta, Cachoeirinha, Paraná da Floresta e Itaquera e outras localidades, caso seja necessário, situadas ao longo do Baixo Rio Branco, conforme o Termo de Referência.;R$ 310.297,50;NA;https://pncp.gov.br/app/editais/00509018000113/2024/000145;"https://cnetmobile.estaleiro.serpro.gov.br/comprasnet-web/public/landing?destino=acompanhamento-compra&amp;compra=07002805900012024"
2024;90002;Pregão - Eletrônico;Aquisição de camisas de gola polo bordadas destinadas aos servidores da Justiça Eleitoral de Roraima e camisas em algodão com pintura em serigrafia (silkscreen), com o objetivo de atender aos servidores e colaboradores que atuarão nas Eleições de 2024.;R$ 113.372,50;R$ 40.670,00;https://pncp.gov.br/app/editais/00509018000113/2024/000208;"https://cnetmobile.estaleiro.serpro.gov.br/comprasnet-web/public/landing?destino=acompanhamento-compra&amp;compra=07002805900022024"
2024;90003;Pregão - Eletrônico;O objeto da presente licitação é a contratação de empresa para a prestação de serviços de locação de veículos automotor com motorista com quilometragem livre para atender demandas do Tribunal Regional Eleitoral de Roraima em deslocamentos dentro do Estado de Roraima relacionado com as Eleições de 2024, conforme condições, quantidades e exigências estabelecidas no Edital e seus anexos. ;R$ 827.310,55;NA;https://pncp.gov.br/app/editais/00509018000113/2024/000310;"https://cnetmobile.estaleiro.serpro.gov.br/comprasnet-web/public/landing?destino=acompanhamento-compra&amp;compra=07002805900032024"
2024;90004;Pregão - Eletrônico;O objeto da presente licitação é a contratação de empresa para a prestação de serviço de apoio especializado à realização das Eleições de 2024, por meio de Auxiliares Administrativos, com atuação na Sede do TRE-RR, Cartórios Eleitorais e demais unidades de atendimentos ao eleitor, conforme condições, quantidades e exigências estabelecidas no Edital e seus anexos. ;R$ 771.434,67;NA;https://pncp.gov.br/app/editais/00509018000113/2024/000370;"https://cnetmobile.estaleiro.serpro.gov.br/comprasnet-web/public/landing?destino=acompanhamento-compra&amp;compra=07002805900042024"
2024;90005;Pregão - Eletrônico;O objeto da presente licitação é a contratação de empresa para a prestação de serviço de apoio especializado à realização das Eleições de 2024, por meio de Auxiliares Administrativos, com atuação na Sede do TRE-RR, Cartórios Eleitorais e demais unidades de atendimentos ao eleitor, conforme condições, quantidades e exigências estabelecidas no Edital e seus anexos.;R$ 786.366,23;NA;https://pncp.gov.br/app/editais/00509018000113/2024/000635;"https://cnetmobile.estaleiro.serpro.gov.br/comprasnet-web/public/landing?destino=acompanhamento-compra&amp;compra=07002805900052024"
2024;90006;Pregão - Eletrônico;Aquisição sob demanda de materiais gráficos, tais como banners, panfletos, folders, cartazes e backdrops, além de placas, totens e adesivos.;R$ 491.087,93;R$ 228.345,00;https://pncp.gov.br/app/editais/00509018000113/2024/000695;"https://cnetmobile.estaleiro.serpro.gov.br/comprasnet-web/public/landing?destino=acompanhamento-compra&amp;compra=07002805900062024"
2024;90007;Pregão - Eletrônico;Aquisição sob demanda de material de consumo, copos plásticos oxibiodegradáveis com a finalidade de atender demandas da Sede do Tribunal Regional Eleitoral de Roraima e Cartórios Eleitorais.;R$ 27.625,00;R$ 16.750,00;https://pncp.gov.br/app/editais/00509018000113/2024/000898;"https://cnetmobile.estaleiro.serpro.gov.br/comprasnet-web/public/landing?destino=acompanhamento-compra&amp;compra=07002805900072024"
2024;90008;Pregão - Eletrônico;O objeto da presente licitação é a contratação de empresa para a prestação de serviços de locação de veículos automotor com motorista com quilometragem livre para atender demandas do Tribunal Regional Eleitoral de Roraima em deslocamentos dentro do Estado de Roraima relacionado com as Eleições de 2024, conforme condições, quantidades e exigências estabelecidas no Edital e seus anexos. ;R$ 982.431,30;R$ 895.294,75;https://pncp.gov.br/app/editais/00509018000113/2024/000986;"https://cnetmobile.estaleiro.serpro.gov.br/comprasnet-web/public/landing?destino=acompanhamento-compra&amp;compra=07002805900082024"
2024;90009;Pregão - Eletrônico;Formação de registro de preços para eventual contratação de empresa para a prestação de serviços de locação de embarcação para atender demandas de deslocamentos referente ao Pleito Eleitoral de 2024 no transportes de servidores e equipamentos via fluvial da Sede do Município de Caracaraí/RR, conforme condições, quantidades e exigências estabelecidas no Edital e seus anexos. ;R$ 248.238,00;NA;https://pncp.gov.br/app/editais/00509018000113/2024/000988;"https://cnetmobile.estaleiro.serpro.gov.br/comprasnet-web/public/landing?destino=acompanhamento-compra&amp;compra=07002805900092024"
2024;90010;Pregão - Eletrônico;Aquisição de Material de Consumo (lonas, cordas e galões). ;R$ 22.938,00;NA;https://pncp.gov.br/app/editais/00509018000113/2024/001149;"https://cnetmobile.estaleiro.serpro.gov.br/comprasnet-web/public/landing?destino=acompanhamento-compra&amp;compra=07002805900102024"
